Reference, Quantity, Value, Footprint, Datasheet, MPN, MPN2
BT1 ,1,"Battery-4xNiMH","TerminalBlock_Dinkle:TerminalBlock_Dinkle_DT-55-B01X-02_P10.00mm",""
BZ1 ,1,"DNP","Buzzer_Beeper:Buzzer_CUI_CPT-9019S-SMT","","SMT-0827-SW-5V-R",""
C1 C2 C3 ,3,"10u","Capacitor_SMD:C_0805_2012Metric",""
C101 ,1,"DNP","Capacitor_SMD:C_0805_2012Metric",""
D1 ,1,"DNP","Diode_SMD:D_SOD-323","","B0520WS-7-F",""
D2 ,1,"schottky","Diode_SMD:D_SOD-323","","B0520WS-7-F",""
D3 ,1,"Red LED","LED_THT:LED_D5.0mm","","WP934EW/ID",""
D4 ,1,"DNP","Package_TO_SOT_SMD:SOT-723","","SZESD7205DT5G",""
D5 ,1,"TVS DIODE 12V 23.7V","Diode_SMD:D_SOD-523","","UCLAMP1201H.TCT",""
G1 ,1,"LOGO","lib_fp_global:oi_logo_small",""
H1 H3 H5 H7 ,4,"MountingHole_Pad","MountingHole:MountingHole_4.5mm",""
H2 H4 H6 H8 ,4,"MountingHole_Pad","MountingHole:MountingHole_3.5mm",""
J1 J3 ,2,"FC-M8-5","lib_fp:M8-5","http://www.mouser.com/ds/2/18/40_c091_abd_e-75918.pdf","MB08MBSBFF05RA","1424240"
J2 ,1,"USB_C_Receptacle_USB2.0","lib_fp:USB_C_Receptacle_HRO_TYPE-C-31-M-12","https://www.jae.com/en/releases/detail/id=92529","USB4105-GF-A",""
LOGO1 ,1,"Logo_Open_Hardware_Small","lib_fp:VogelwarteLogo3",""
LS1 ,1,"SMT-0931-S-R","lib_fp:SMT-0931-S-R","","SMT-0931-S-R",""
Q1 ,1,"NMOS 30V 4A","Package_TO_SOT_SMD:SOT-23","","PMV45EN2R",""
Q2 ,1,"PMOS 20V 3A","Package_TO_SOT_SMD:SOT-23","","DMP2160U-7",""
R1 ,1,"1k","Resistor_SMD:R_0603_1608Metric",""
R2 ,1,"430R","Resistor_SMD:R_0603_1608Metric",""
R3 R5 ,2,"0R","Resistor_SMD:R_0603_1608Metric",""
R4 R6 R7 R8 ,4,"5k1","Resistor_SMD:R_0603_1608Metric",""
R10 R101 R9 ,3,"DNP","Resistor_SMD:R_0603_1608Metric",""