Reference, Quantity, Value, Footprint, Datasheet, MPN, MPN-adj, MPN2, Description, Height
C101 C201 C203 C208 C209 C210 C401 C501 C503 C610 ,10,"10u","Capacitor_SMD:C_0805_2012Metric",""
C202 C311 C312 C608 ,4,"1u","Capacitor_SMD:C_0603_1608Metric",""
C204 ,1,"1u or 4u7 for adjustable version","Capacitor_SMD:C_0603_1608Metric",""
C205 ,1,"330p","Capacitor_SMD:C_0603_1608Metric",""
C206 ,1,"10p","Capacitor_SMD:C_0603_1608Metric",""
C207 ,1,"33p","Capacitor_SMD:C_0603_1608Metric",""
C301 C302 ,2,"12p","Capacitor_SMD:C_0603_1608Metric","~"
C303 C304 ,2,"22p","Capacitor_SMD:C_0603_1608Metric","~"
C305 ,1,"4u7","Capacitor_SMD:C_0603_1608Metric","~"
C306 C307 C308 C313 C502 C504 C507 C606 C609 ,9,"100n","Capacitor_SMD:C_0603_1608Metric","~"
C310 C505 C506 C611 ,4,"10n","Capacitor_SMD:C_0603_1608Metric","~"
C508 ,1,"DNP or 100n","Capacitor_SMD:C_0603_1608Metric","DNP"
C602 ,1,"1u DNP","Capacitor_SMD:C_0603_1608Metric",""
C601 C603 C604 ,3,"100n 1% DNP","Capacitor_SMD:C_0603_1608Metric",""
C605 C607 ,2,"100n DNP","Capacitor_SMD:C_0603_1608Metric",""
CRES501 ,1,"0R","Capacitor_SMD:C_0603_1608Metric",""
CRES502 CRES503 ,2,"1n5 450V C0G","Capacitor_SMD:C_0805_2012Metric","","CGA4F4C0G2W152J085AE","","","",""
Cdiv501 ,1,"10p 500V","Capacitor_SMD:C_0805_2012Metric","","C0805C100JDGACTU","","","",""
Cdiv502 ,1,"1n","Capacitor_SMD:C_0603_1608Metric",""
D101 D302 ,2,"ESD7205","Package_TO_SOT_SMD:SOT-723","","SZESD7205DT5G","","","",""
D301 ,1,"TVS DIODE 12V 23.7V","Diode_SMD:D_0402_1005Metric","~","ESD9X12ST5G","","","",""
D303 ,1,"LED_YELLOW","LED_SMD:LED_0603_1608Metric",""
G101 ,1,"LOGO","lib-fp-global:oi_logo_small",""
H101 H102 H103 ,3,"MountingHole_Pad","MountingHole:MountingHole_3.2mm_M3_Pad_Via","~"
J101 ,1,"FC-M8-5","Connector_Molex:Molex_PicoBlade_53398-0571_1x05-1MP_P1.25mm_Vertical","http://www.mouser.com/ds/2/18/40_c091_abd_e-75918.pdf","53398-0571","","","",""
J102 ,1,"Chassis Pin","lib_fp:SMD_PAD","~"
J301 ,1,"USB_B_Micro","Connector_USB:USB_Micro-B_Molex-105017-0001","~"
J401 J402 ,2,"Conn_01x10_Female","Connector_PinSocket_2.00mm:PinSocket_1x10_P2.00mm_Vertical_SMD_Pin1Left","~","1-2307813-0","","","",""
J501 ,1,"Conn_RFID_UFL_ALT","Connector_Coaxial:U.FL_Hirose_U.FL-R-SMT-1_Vertical"," ~","U.FL-R-SMT(10)","","","",""
J502 ,1,"Conn_RFID_SMA","lib_fp:SMA_Molex_EdgeMount"," ~","0732512120","","","",""
J601 ,1,"LOAD_CELL_CONN_01X04","lib_fp:MB08MBSAFF04RA","","M8S-04PMMR-SF8001","","MB08MBSAFF04RA","",""
J602 ,1,"LOAD_CELL_CONN_01X04","Connector_Molex:Molex_PicoBlade_53398-0471_1x04-1MP_P1.25mm_Vertical","","53398-0471","","","",""
JP201 ,1,"Jumper_3_Bridged12","Connector_PinHeader_2.54mm:PinHeader_1x03_P2.54mm_Vertical","~"
JP202 ,1,"5V boost supply jumper","Connector_PinHeader_2.54mm:PinHeader_1x02_P2.54mm_Vertical","~"
JP203 ,1,"vsel 0.2","Jumper:SolderJumper-3_P1.3mm_Bridged12_RoundedPad1.0x1.5mm","~"
JP204 ,1,"VAA jumper","Connector_PinHeader_2.54mm:PinHeader_1x02_P2.54mm_Vertical","~"
JP205 ,1,"vsel 0.1","Jumper:SolderJumper-3_P1.3mm_Bridged12_RoundedPad1.0x1.5mm","~"
JP206 JP301 ,2,"Jumper_NC_Small","Connector_PinHeader_2.54mm:PinHeader_1x02_P2.54mm_Vertical","~"
L201 ,1,"5uH","Inductor_SMD:L_Taiyo-Yuden_NR-60xx_HandSoldering","","MSS7341-502NLD","","","",""
L202 ,1,"4.7uH","Inductor_SMD:L_1008_2520Metric","","DFE252010P-4R7M=P2","","","",""
L301 ,1,"10u","Inductor_SMD:L_0402_1005Metric","~","MPZ1005S300CT000","","","",""
LOGO101 ,1,"Logo_Open_Hardware_Small","lib_fp:VogelwarteLogo3","~"
P301 ,1,"TC2030-MCP","lib-fp-global:TC2030-MCP-NL",""
Q201 ,1,"TPH1R712MDL1Q","lib_fp:TDSON-8-1_HandSoldering","","TPH1R712MD,L1Q","","","",""
Q301 Q601 Q603 ,3,"DMG2301L-7","Package_TO_SOT_SMD:SOT-23","","DMG2301L-7","","","",""
Q501 Q602 Q604 ,3,"NMOS 30V 4A","Package_TO_SOT_SMD:SOT-23","","SI2316DS-T1-E3","","","",""
R101 R102 R103 R104 R205 R401 R403 ,7,"10k","Resistor_SMD:R_0603_1608Metric","~"
R105 R106 R204 R209 R210 R301 R402 R404 R405 R503 R505 R506 R509 R613 R614 ,15,"DNP","Resistor_SMD:R_0603_1608Metric","~"
R201 R202 R302 R304 R504 R601 R602 R603 R604 ,9,"82k","Resistor_SMD:R_0603_1608Metric",""
R203 ,1,"47k","Resistor_SMD:R_0603_1608Metric",""
R206 ,1,"15k","Resistor_SMD:R_0603_1608Metric",""
R207 ,1,"162k 1%","Resistor_SMD:R_0603_1608Metric","","RC0402FR-07162KL","","","",""
R208 ,1,"649k 1%","Resistor_SMD:R_0603_1608Metric","","RC0402FR-07649KL","","","",""
R303 ,1,"100R","Resistor_SMD:R_0603_1608Metric","~"
R305 ,1,"1k5","Resistor_SMD:R_0603_1608Metric","~"
R306 ,1,"1k","Resistor_SMD:R_0603_1608Metric",""
R501 R502 R507 R508 R605 R606 R607 R608 R609 R610 R611 R612 R618 ,13,"0R","Resistor_SMD:R_0603_1608Metric",""
R615 R616 R617 ,3,"47R","Resistor_SMD:R_0603_1608Metric",""
U201 ,1,"TPS62745","lib_fp:WSON_3x2mm_12pin","","TPS62745DSSR","","","",""
U202 ,1,"LTC3534","Package_SO:SSOP-16_3.9x4.9mm_P0.635mm","","LTC3534EDHC#PBF","","","",""
U203 ,1,"3.0V LDO ","Package_TO_SOT_SMD:SOT-23-5","","TPS70630DBVR","TPS76201QDBVRQ1 ","TPS7A20","",""
U301 ,1,"STM32L433CCxx","Package_DFN_QFN:QFN-48-1EP_7x7mm_P0.5mm_EP5.3x5.3mm","http://www.st.com/st-web-ui/static/active/en/resource/technical/document/datasheet/DM00257192.pdf","STM32L433CCU6","","","",""
U302 ,1,"1Gb NAND Flash","lib_fp:8-LGA-6x8mm","","GD5F1GQ4UFYIGR","","","",""
U401 ,1,"Power Switch 2A, 800us soft start","lib_fp:IC_MIC94085YFT-TR","","MIC94082YFT-TR","","","",""
U402 ,1,"XBEE","lib_fp:XBEE","","SuperBx","","","",""
U501 ,1,"EM4095","Package_SO:SOIC-16_3.9x9.9mm_P1.27mm","","EM4095","","","",""
U601 ,1,"ADS1220","Package_SO:TSSOP-16_4.4x5mm_P0.65mm","","ADS1220IPW","","","",""
U602 ,1,"SIT1602BI 4.096 MHz","Oscillator:Oscillator_SMD_EuroQuartz_XO32-4Pin_3.2x2.5mm","https://abracon.com/Oscillators/ASDMB.pdf","SIT1602BI-21-XXE-4.096000","","","",""
Y301 ,1,"16MHz 10ppm 9pF","lib_fp:Crystal_SMD_2016-4Pin_2.0x1.6mm","","ECS-160-9-37-CKM-TR","",""," 16MHz Â±10ppm Crystal 9pF 100 Ohms 4-SMD, No Lead ","0.6"
Y302 ,1,"32kHz 20ppm 12.5pF","lib_fp:Crystal_SMD_MicroCrystal_CC7V-T1A-2Pin_3.2x1.5mm","~","CM7V-T1A-32.768kHz-12.5pF-20PPM-TB-QC","","","",""